model,incident_id,pr_auc
M1_full,bsc_token_hub_2022,1.0
M1_full,chibi_finance_2023,1.0
M1_full,deltaprime_arbitrum_2024,0.8618035190615836
M1_full,feg_bridge_2024,0.8303030303030303
M1_full,hackerdao_2022,0.5053179824561403
M1_full,magic_abracadabra_arbitrum_2025,0.9502840909090909
M1_full,new_free_dao_2022,1.0
M1_full,paraluni_2022,0.5894277203790993
M1_full,qbridge_qubit_2022,0.8943452380952381
M1_full,radiant_capital_arbitrum_2024,1.0
M1_full,ronin_bridge_2022,0.6792857142857143
M1_full,utopiasphere_2024,1.0
M1_full,wault_finance_2021,0.928409090909091
M1_full,wooppv2_2024,0.8581043956043957
M1_full,xkingdom_2024,1.0
M1_no_semantic_action,bsc_token_hub_2022,0.9861111111111112
M1_no_semantic_action,chibi_finance_2023,1.0
M1_no_semantic_action,deltaprime_arbitrum_2024,0.8551747311827957
M1_no_semantic_action,feg_bridge_2024,0.7435897435897436
M1_no_semantic_action,hackerdao_2022,0.6096500851666926
M1_no_semantic_action,magic_abracadabra_arbitrum_2025,0.959375
M1_no_semantic_action,new_free_dao_2022,0.3841432894227925
M1_no_semantic_action,paraluni_2022,0.5578959720088753
M1_no_semantic_action,qbridge_qubit_2022,0.7636904761904761
M1_no_semantic_action,radiant_capital_arbitrum_2024,1.0
M1_no_semantic_action,ronin_bridge_2022,0.7274323593073593
M1_no_semantic_action,utopiasphere_2024,0.9861111111111112
M1_no_semantic_action,wault_finance_2021,0.9060457516339869
M1_no_semantic_action,wooppv2_2024,0.7002010233918129
M1_no_semantic_action,xkingdom_2024,1.0
M1_no_semantic_and_motif,bsc_token_hub_2022,1.0
M1_no_semantic_and_motif,chibi_finance_2023,1.0
M1_no_semantic_and_motif,deltaprime_arbitrum_2024,0.8809782608695652
M1_no_semantic_and_motif,feg_bridge_2024,0.43813519813519813
M1_no_semantic_and_motif,hackerdao_2022,0.6349899113685878
M1_no_semantic_and_motif,magic_abracadabra_arbitrum_2025,0.9186507936507937
M1_no_semantic_and_motif,new_free_dao_2022,0.41821946169772256
M1_no_semantic_and_motif,paraluni_2022,0.5537628270811283
M1_no_semantic_and_motif,qbridge_qubit_2022,0.7813228438228439
M1_no_semantic_and_motif,radiant_capital_arbitrum_2024,1.0
M1_no_semantic_and_motif,ronin_bridge_2022,0.44519712743396955
M1_no_semantic_and_motif,utopiasphere_2024,0.9861111111111112
M1_no_semantic_and_motif,wault_finance_2021,0.8888888888888888
M1_no_semantic_and_motif,wooppv2_2024,0.6822339731347085
M1_no_semantic_and_motif,xkingdom_2024,1.0
