incident_id,chain,start_block,min_raw_block_in_window,min_decoded_block,block_gap,n_raw_files_found,n_distinct_raw_tx_before_first_decoded,gap_tx_hashes
bsc_token_hub_2022,bsc,21933735,21933735,21954076,20341,True,4,0xaa6ce682da;0xa84f85e1af;0x915f3ccb07;0xaaf495fa84
chibi_finance_2023,arbitrum,105366596,105366596,105367396,800,True,3,0x3cb65210b0;0x3cb65210b0;0x2391c5f8ab
deltaprime_arbitrum_2024,arbitrum,273285000,273285004,273289415,4411,True,2,0x429f44635f;0x4c44ddb879
feg_bridge_2024,eth,21506058,21506154,21506183,29,True,5,0x6c3cf48e9c;0x6c3cf48e9c;0xa0020814a1;0x310ed692da;0x3351a1676a
hackerdao_2022,bsc,17361150,17361153,17361615,462,True,7,0x7842ed7970;0xe168c3d3ae;0x2a9141fe47;0xa7d6a4f72c;0x158ca4e21c;0xeb4d666e63;0x1d735143fe
magic_abracadabra_arbitrum_2025,arbitrum,319305624,319305624,319307181,1557,True,2,0x53a4e099f4;0x253e3bcf39
new_free_dao_2022,bsc,17689293,17689293,17690249,956,True,4,0x5c68d12718;0xdd6db6e5e2;0x2a0e094fed;0xfc0b3f7487
paraluni_2022,bsc,16000710,16000712,16000712,0,True,0,
qbridge_qubit_2022,bsc,14742000,14742004,14742387,383,True,33,0x4d2112f716;0x61ca8bc28f;0xcfa4379af6;0xf6008ab482;0xd8bba15555;0xa39e732332;0xeed6cb8867;0xa961a639fc;0xa32713ffc0;0x4c32d6b8da
radiant_capital_arbitrum_2024,arbitrum,264477049,264477049,264482513,5464,True,6,0x7856552db4;0x7856552db4;0x9d01b2cd6c;0x2a7183d4cd;0x2a7183d4cd;0xc105ad311f
ronin_bridge_2022,eth,14442775,14442778,14442911,133,True,5,0xe0669bbaaa;0xc28fad5e8d;0xc28fad5e8d;0xed2c72ef1a;0xed2c72ef1a
utopiasphere_2024,bsc,40663985,40663986,40665083,1097,True,7,0xd2e1a361c9;0x0608f958cd;0x5c98828ce3;0xaaf1a663c0;0x6f56f00b69;0xbc458f883e;0x0ffd2d1a7a
wault_finance_2021,bsc,9728492,9728492,9728876,384,True,6,0xeb3cc08219;0x7e5a40893d;0x785233c60a;0x97eb2ea072;0x31262f15a5;0xab6c5cd662
wooppv2_2024,arbitrum,187381785,187381785,187382323,538,True,4,0x57e555328b;0x57e555328b;0x57e555328b;0x6bdd542592
xkingdom_2024,arbitrum,167734792,167734792,167734792,0,True,0,
