held_out_group,n_val_rows,meta_coef_m1,meta_coef_t13,meta_intercept,threshold,pr_auc
bsc_token_hub_2022,181,1.040617050847378,4.396001915714332,-2.3539750617700417,0.9463598522176577,0.975
chibi_finance_2023,70,1.1578852432954683,4.4248701881310195,-2.327326474907997,0.9539494580973747,1.0
deltaprime_arbitrum_2024,168,1.844621833998768,3.940372225495336,-2.293480658438384,0.9655899335070752,0.9464285714285714
feg_bridge_2024,50,1.8002600200520182,3.8595608772997045,-1.8615788274603309,0.9688417149292381,0.8454545454545455
hackerdao_2022,123,2.0082266334059136,4.673024361182284,-2.2947103520193557,0.9790925707369458,0.7027498100303952
magic_abracadabra_arbitrum_2025,105,1.6168831086576776,4.10643768409788,-2.339287140070032,0.9574471602087826,1.0
new_free_dao_2022,93,1.6229786178828205,4.177918011840194,-2.0136048958864934,0.9652091270468814,0.9999999999999998
paraluni_2022,161,1.0537285032553476,5.063966261085444,-2.6676536712354486,0.9557925185548954,0.5510701353154183
qbridge_qubit_2022,228,1.7284105240594172,4.114393027033502,-2.425211122378058,0.9556793730905787,0.9186507936507936
radiant_capital_arbitrum_2024,107,1.8198842077779473,4.00579873487111,-2.3367519268108263,0.960476554376047,1.0
ronin_bridge_2022,132,3.1471759364481504,2.802457328071283,-2.1974855531159494,0.9525077126261392,0.85
utopiasphere_2024,73,2.4503611589885446,3.420340854763477,-2.2855538647949643,0.9553045224857273,1.0
wault_finance_2021,164,1.5977309763762255,3.913815867141534,-2.253530649148578,0.9540159124105616,0.9704861111111112
wooppv2_2024,61,0.2124034213482586,6.419102369546124,-3.2308084068980083,0.9630104206593448,1.0
xkingdom_2024,69,1.4814366630545153,4.156839069139546,-2.2935222392054984,0.9584848700047814,1.0
