theta,incident_id,status,alert_prefix_len,lead_time_hours
0.5,feg_bridge_2024,never_alerted,,
0.5,deltaprime_arbitrum_2024,detected_before_endpoint,5.0,1.228888888888889
0.5,bsc_token_hub_2022,late_detection,3.0,-0.6316666666666667
0.5,chibi_finance_2023,detected_before_endpoint,5.0,0.12472222222222222
0.5,wooppv2_2024,never_alerted,,
0.5,utopiasphere_2024,late_detection,10.0,0.0
0.5,xkingdom_2024,late_detection,5.0,-0.04138888888888889
0.5,radiant_capital_arbitrum_2024,detected_before_endpoint,2.0,0.08694444444444445
0.5,magic_abracadabra_arbitrum_2025,detected_before_endpoint,22.0,2.3652777777777776
0.5,new_free_dao_2022,late_detection,12.0,-0.2575
0.7,feg_bridge_2024,never_alerted,,
0.7,deltaprime_arbitrum_2024,detected_before_endpoint,7.0,0.30416666666666664
0.7,bsc_token_hub_2022,late_detection,5.0,-3.2169444444444446
0.7,chibi_finance_2023,detected_before_endpoint,5.0,0.12472222222222222
0.7,wooppv2_2024,never_alerted,,
0.7,utopiasphere_2024,late_detection,10.0,0.0
0.7,xkingdom_2024,late_detection,5.0,-0.04138888888888889
0.7,radiant_capital_arbitrum_2024,detected_before_endpoint,2.0,0.08694444444444445
0.7,magic_abracadabra_arbitrum_2025,late_detection,44.0,-0.7186111111111111
0.7,new_free_dao_2022,late_detection,12.0,-0.2575
0.9,feg_bridge_2024,never_alerted,,
0.9,deltaprime_arbitrum_2024,never_alerted,,
0.9,bsc_token_hub_2022,late_detection,91.0,-6.857777777777778
0.9,chibi_finance_2023,never_alerted,,
0.9,wooppv2_2024,never_alerted,,
0.9,utopiasphere_2024,never_alerted,,
0.9,xkingdom_2024,never_alerted,,
0.9,radiant_capital_arbitrum_2024,late_detection,124.0,-1.4072222222222222
0.9,magic_abracadabra_arbitrum_2025,late_detection,44.0,-0.7186111111111111
0.9,new_free_dao_2022,never_alerted,,
