held_out_group,cap_2_inner_pr_auc,cap_3_inner_pr_auc,chosen_cap
bsc_token_hub_2022,0.613700886893159,0.6167489601722426,3
chibi_finance_2023,0.6244537256225337,0.6222643758959263,2
deltaprime_arbitrum_2024,0.6699844190980192,0.6683534940710157,2
feg_bridge_2024,0.6386934463034953,0.6349683917506745,2
hackerdao_2022,0.6896911624341051,0.6883449692236523,2
magic_abracadabra_arbitrum_2025,0.6372139889371413,0.6373652293190639,3
new_free_dao_2022,0.642255272200723,0.6406420149051624,2
paraluni_2022,0.6428067255481522,0.6438612179283943,3
qbridge_qubit_2022,0.667043418267982,0.6641571966585675,2
radiant_capital_arbitrum_2024,0.6237967452248161,0.6213283287046609,2
ronin_bridge_2022,0.8243228433386147,0.8238789937895257,2
utopiasphere_2024,0.6920665954951909,0.692375974606641,3
wault_finance_2021,0.6317591455607405,0.6316402773300273,2
wooppv2_2024,0.643442250487761,0.6481748682746674,3
xkingdom_2024,0.613165508205539,0.6150330056752075,3
