variant,source_id,prefix_len,new_prob,old_prob_m1_official,threshold
M1_v4_log1p,ronin_bridge_2022__hn012,2,0.9999141693115234,0.9999141693115234,0.8866761326789856
M1_v4_log1p,ronin_bridge_2022__hn012,3,0.9998821020126343,0.9998821020126344,0.8866761326789856
M1_v4_log1p,ronin_bridge_2022__hn012,5,0.9987636804580688,0.9987636804580688,0.8866761326789856
M1_v4_log1p,ronin_bridge_2022__hn012,7,0.9997079968452454,0.9997079968452454,0.8866761326789856
M1_v4_log1p,ronin_bridge_2022__hn012,14,0.9893901944160461,0.989390194416046,0.8866761326789856
M1_v4_log1p,ronin_bridge_2022__hn012,28,0.9719655513763428,0.9719655513763428,0.8866761326789856
M1_v4_log1p,ronin_bridge_2022__hn012,42,0.9456093907356262,0.9456093907356262,0.8866761326789856
M1_v4_log1p,ronin_bridge_2022__hn012,55,0.9714877009391785,0.9714877009391784,0.8866761326789856
M1_v4_log1p,ronin_benign_control_2022,2,0.9960495829582214,0.9960495829582214,0.8866761326789856
M1_v4_log1p,ronin_benign_control_2022,3,0.9924633502960205,0.9924633502960204,0.8866761326789856
M1_v4_log1p,ronin_benign_control_2022,5,0.9011837840080261,0.901183784008026,0.8866761326789856
M1_v4_log1p,ronin_benign_control_2022,7,0.8335047960281372,0.8335047960281372,0.8866761326789856
M1_v4_log1p,ronin_benign_control_2022,26,0.9995254278182983,0.9995254278182985,0.8866761326789856
M1_v4_log1p,ronin_benign_control_2022,52,0.9993809461593628,0.9993809461593628,0.8866761326789856
M1_v4_log1p,ronin_benign_control_2022,78,0.999197781085968,0.999197781085968,0.8866761326789856
M1_v4_log1p,ronin_benign_control_2022,103,0.9994599223136902,0.9994599223136902,0.8866761326789856
M1_v4_capped,ronin_bridge_2022__hn012,2,0.9999141693115234,0.9999141693115234,0.8866761326789856
M1_v4_capped,ronin_bridge_2022__hn012,3,0.9998821020126343,0.9998821020126344,0.8866761326789856
M1_v4_capped,ronin_bridge_2022__hn012,5,0.9987636804580688,0.9987636804580688,0.8866761326789856
M1_v4_capped,ronin_bridge_2022__hn012,7,0.9997079968452454,0.9997079968452454,0.8866761326789856
M1_v4_capped,ronin_bridge_2022__hn012,14,0.9893901944160461,0.989390194416046,0.8866761326789856
M1_v4_capped,ronin_bridge_2022__hn012,28,0.9719655513763428,0.9719655513763428,0.8866761326789856
M1_v4_capped,ronin_bridge_2022__hn012,42,0.9456093907356262,0.9456093907356262,0.8866761326789856
M1_v4_capped,ronin_bridge_2022__hn012,55,0.9714877009391785,0.9714877009391784,0.8866761326789856
M1_v4_capped,ronin_benign_control_2022,2,0.9960495829582214,0.9960495829582214,0.8866761326789856
M1_v4_capped,ronin_benign_control_2022,3,0.9924633502960205,0.9924633502960204,0.8866761326789856
M1_v4_capped,ronin_benign_control_2022,5,0.9011837840080261,0.901183784008026,0.8866761326789856
M1_v4_capped,ronin_benign_control_2022,7,0.8335047960281372,0.8335047960281372,0.8866761326789856
M1_v4_capped,ronin_benign_control_2022,26,0.9995254278182983,0.9995254278182985,0.8866761326789856
M1_v4_capped,ronin_benign_control_2022,52,0.9993809461593628,0.9993809461593628,0.8866761326789856
M1_v4_capped,ronin_benign_control_2022,78,0.999197781085968,0.999197781085968,0.8866761326789856
M1_v4_capped,ronin_benign_control_2022,103,0.9994599223136902,0.9994599223136902,0.8866761326789856
