held_out_group,frac_0.0_inner_pr_auc,frac_0.1_inner_pr_auc,frac_0.25_inner_pr_auc,frac_0.5_inner_pr_auc,chosen_fraction
bsc_token_hub_2022,0.8404656467061068,0.8089114419814433,0.8038907199750145,0.8216012245369715,0.0
chibi_finance_2023,0.7896934898354916,0.8308886814106995,0.8074135095780223,0.8062763265639797,0.1
deltaprime_arbitrum_2024,0.8754740676442558,0.7799050302658703,0.8280953339828089,0.7923106837600564,0.0
feg_bridge_2024,0.7922183299244177,0.8121103493683117,0.8226742902942469,0.8318013017634263,0.5
hackerdao_2022,0.8429928680759133,0.8346340916269267,0.8199691021263188,0.8365993662633459,0.0
magic_abracadabra_arbitrum_2025,0.7932515171748412,0.8648108669509237,0.8677286554696294,0.8110554015320307,0.25
new_free_dao_2022,0.7990282890822825,0.8335482439609618,0.8448868047213616,0.8436349459695249,0.25
paraluni_2022,0.846928783584696,0.8272548992128606,0.8637674389662375,0.8628167374102403,0.25
qbridge_qubit_2022,0.8296024829827939,0.880320944324236,0.84443790030947,0.8580973953130829,0.1
radiant_capital_arbitrum_2024,0.8165195993828686,0.8145049812486531,0.8210843322986018,0.8068071556826485,0.25
ronin_bridge_2022,0.8839615137357425,0.8527164167224417,0.8560949411575489,0.8952051924804723,0.5
utopiasphere_2024,0.8395927463268336,0.8163074180717748,0.8434385921680329,0.7927573540680602,0.25
wault_finance_2021,0.8552767464223322,0.8588456977888753,0.8742595961333498,0.8087826616716312,0.25
wooppv2_2024,0.8222988419924856,0.854630887007714,0.8583185923777659,0.8629253500595666,0.5
xkingdom_2024,0.806693573035337,0.84706605391388,0.8369516554677736,0.8006224349456543,0.1
