held_out_group,baseline (M1 hien tai),depth=3,depth=6,"lr=0.05,n_est=400","lr=0.2,n_est=100",spw=none,spw=auto_sqrt
bsc_token_hub_2022,0.6167489601722426,0.6200143690611428,0.5719788311011916,0.6146140625792522,0.5882269114313985,0.6332817762404512,0.630659457436833
chibi_finance_2023,0.6222643758959263,0.6479291313653754,0.582674366790398,0.620821582667596,0.6072361045516377,0.65280018962966,0.629756923315607
deltaprime_arbitrum_2024,0.6683534940710157,0.6503433102647153,0.6779087443043467,0.6825752487329139,0.6572517034049771,0.7000644026409903,0.6841861261465021
feg_bridge_2024,0.6349683917506745,0.6575492428813077,0.5968034925036165,0.6428128891641594,0.6509336603991503,0.6486664808961387,0.6518685784198414
hackerdao_2022,0.6883449692236523,0.6940241998357919,0.6678380316135043,0.6889569562472233,0.691831488069797,0.6824026681577261,0.6819718876107291
magic_abracadabra_arbitrum_2025,0.6373652293190639,0.6499807661383288,0.640261544947475,0.6472597696371782,0.635731017703472,0.6582423275406734,0.6511638323277263
new_free_dao_2022,0.6406420149051624,0.639353987997787,0.6192112927954945,0.6444974007218557,0.6456842576099691,0.6561523321163726,0.6367204085319199
paraluni_2022,0.6438612179283943,0.6742607867514959,0.6136835484051182,0.6566598305226148,0.6512394150984028,0.6614686683293625,0.6454277734964455
qbridge_qubit_2022,0.6641571966585675,0.6651168771111545,0.5942383100958282,0.6487842484280939,0.650281146233015,0.6633266470606359,0.6661462843398139
radiant_capital_arbitrum_2024,0.6213283287046609,0.6174697620400115,0.5753313301285246,0.610925298614926,0.5887458640554006,0.6488450242877906,0.6204064269031426
ronin_bridge_2022,0.8238789937895257,0.8375369634446626,0.7898547500675385,0.8255672868134891,0.8312042507549803,0.8270688183088856,0.8223349801898369
utopiasphere_2024,0.692375974606641,0.6906375372568402,0.6495038351242305,0.6792727807732569,0.6724233715601831,0.7180613240040976,0.7013872046036898
wault_finance_2021,0.6316402773300273,0.6441128579359092,0.6088184838216735,0.6397139890099045,0.6433019007622903,0.6688459779305834,0.6416066766817083
wooppv2_2024,0.6481748682746674,0.6268184614833896,0.6539305023767464,0.632767802253432,0.6543169337830951,0.6881283921849554,0.6430224638274916
xkingdom_2024,0.6150330056752075,0.6180482295756993,0.5929251704199616,0.6350855366962658,0.6425467481029754,0.6524066048411061,0.6249260711770077
