feature,n_folds_dropped,pct_folds_dropped
action_count_merge_ratio,15,1.0
motif_split,15,1.0
motif_swap_then_split,15,1.0
outgoing_incoming_ratio,15,1.0
motif_rapid_token_pivot,13,0.8666666666666667
stablecoin_pivot,12,0.8
inter_action_gap_std,10,0.6666666666666666
motif_peel_like_chain,10,0.6666666666666666
active_duration_sec,9,0.6
token_category_diversity,9,0.6
action_count_lending_deposit_ratio,7,0.4666666666666667
action_count_transfer_ratio,6,0.4
local_ego_density,6,0.4
value_retention,3,0.2
action_count_swap_ratio,2,0.13333333333333333
action_count_split_ratio,2,0.13333333333333333
log_amount_mean,1,0.06666666666666667
path_depth,1,0.06666666666666667
motif_merge,1,0.06666666666666667
