held_out_group,n_val_rows,chosen_candidate,inner_cv_pr_auc,threshold_chosen_on_inner_train_oof,pr_auc,recall_at_fpr_0.01,macro_f1,false_alerts_per_1000
bsc_token_hub_2022,181,spw=none,0.6332817762404512,0.8647501468658447,1.0,1.0,0.9652257444764649,0.0
chibi_finance_2023,70,spw=none,0.65280018962966,0.7650812864303589,1.0,1.0,0.8728043609933374,0.0
deltaprime_arbitrum_2024,168,spw=none,0.7000644026409903,0.8932285904884338,0.851790450928382,0.75,0.9254658385093167,0.0
feg_bridge_2024,50,depth=3,0.6575492428813077,0.9188269376754761,0.23105339105339104,0.0,0.5016611295681063,160.0
hackerdao_2022,123,depth=3,0.6940241998357919,0.9592440128326416,0.5022874436936937,0.375,0.4831932773109244,0.0
magic_abracadabra_arbitrum_2025,105,spw=none,0.6582423275406734,0.7473173141479492,0.9861111111111112,0.875,0.8770011714174151,0.0
new_free_dao_2022,93,spw=none,0.6561523321163726,0.8596630096435547,0.615934065934066,0.14285714285714285,0.6081460674157304,0.0
paraluni_2022,161,depth=3,0.6742607867514959,0.9402238726615906,0.6111126373626374,0.5,0.8268817204301075,0.0
qbridge_qubit_2022,228,spw=auto_sqrt,0.6661462843398139,0.9358370900154114,0.8571810134310134,0.875,0.8288288288288288,0.0
radiant_capital_arbitrum_2024,107,spw=none,0.6488450242877906,0.8860948085784912,1.0,1.0,1.0,0.0
ronin_bridge_2022,132,depth=3,0.8375369634446626,0.8936840295791626,0.7276041666666666,0.625,0.6893257649176242,121.21212121212122
utopiasphere_2024,73,spw=none,0.7180613240040976,0.8355833292007446,1.0,1.0,0.818407960199005,0.0
wault_finance_2021,164,spw=none,0.6688459779305834,0.8490663170814514,0.882177033492823,0.75,0.8798534798534798,0.0
wooppv2_2024,61,spw=none,0.6881283921849554,0.7754213809967041,0.8614448051948053,0.5,0.4649122807017544,0.0
xkingdom_2024,69,spw=none,0.6524066048411061,0.7835882306098938,1.0,1.0,0.8726153846153846,0.0
