held_out_group,n_candidate_features,n_kept,n_dropped,baseline_inner_pr_auc,pr_auc_outer,kept_features,dropped_features
bsc_token_hub_2022,28,17,11,0.6167489601722426,1.0,action_count_mixer_or_exit_ratio;action_count_split_ratio;action_count_swap_ratio;branch_count;burstiness;fan_in;fan_out;inter_action_gap_mean;log_amount_mean;motif_merge;num_distinct_bigrams;num_distinct_trigrams;path_depth;prefix_ratio;token_category_diversity;unique_counterparties;value_retention,action_count_merge_ratio;action_count_transfer_ratio;active_duration_sec;inter_action_gap_std;local_ego_density;motif_peel_like_chain;motif_rapid_token_pivot;motif_split;motif_swap_then_split;outgoing_incoming_ratio;stablecoin_pivot
chibi_finance_2023,29,20,9,0.6222643758959263,1.0,action_count_lending_deposit_ratio;action_count_mixer_or_exit_ratio;action_count_split_ratio;action_count_swap_ratio;branch_count;burstiness;fan_in;fan_out;inter_action_gap_mean;local_ego_density;log_amount_mean;motif_merge;motif_peel_like_chain;num_distinct_bigrams;num_distinct_trigrams;path_depth;prefix_ratio;token_category_diversity;unique_counterparties;value_retention,action_count_merge_ratio;action_count_transfer_ratio;active_duration_sec;inter_action_gap_std;motif_rapid_token_pivot;motif_split;motif_swap_then_split;outgoing_incoming_ratio;stablecoin_pivot
deltaprime_arbitrum_2024,29,20,9,0.6683534940710157,0.7950396825396826,action_count_lending_deposit_ratio;action_count_mixer_or_exit_ratio;action_count_split_ratio;action_count_swap_ratio;action_count_transfer_ratio;active_duration_sec;branch_count;burstiness;fan_in;fan_out;inter_action_gap_mean;local_ego_density;motif_merge;motif_peel_like_chain;num_distinct_bigrams;num_distinct_trigrams;path_depth;prefix_ratio;unique_counterparties;value_retention,action_count_merge_ratio;inter_action_gap_std;log_amount_mean;motif_rapid_token_pivot;motif_split;motif_swap_then_split;outgoing_incoming_ratio;stablecoin_pivot;token_category_diversity
feg_bridge_2024,29,17,12,0.6349683917506745,0.11795238095238098,action_count_lending_deposit_ratio;action_count_mixer_or_exit_ratio;action_count_split_ratio;action_count_swap_ratio;branch_count;burstiness;fan_in;fan_out;inter_action_gap_mean;inter_action_gap_std;log_amount_mean;motif_merge;num_distinct_bigrams;num_distinct_trigrams;path_depth;prefix_ratio;unique_counterparties,action_count_merge_ratio;action_count_transfer_ratio;active_duration_sec;local_ego_density;motif_peel_like_chain;motif_rapid_token_pivot;motif_split;motif_swap_then_split;outgoing_incoming_ratio;stablecoin_pivot;token_category_diversity;value_retention
hackerdao_2022,29,19,10,0.6883449692236523,0.43385547201336677,action_count_mixer_or_exit_ratio;action_count_split_ratio;action_count_swap_ratio;action_count_transfer_ratio;branch_count;burstiness;fan_in;fan_out;inter_action_gap_mean;inter_action_gap_std;log_amount_mean;motif_merge;motif_rapid_token_pivot;num_distinct_bigrams;num_distinct_trigrams;path_depth;prefix_ratio;stablecoin_pivot;unique_counterparties,action_count_lending_deposit_ratio;action_count_merge_ratio;active_duration_sec;local_ego_density;motif_peel_like_chain;motif_split;motif_swap_then_split;outgoing_incoming_ratio;token_category_diversity;value_retention
magic_abracadabra_arbitrum_2025,29,18,11,0.6373652293190639,0.9415178571428572,action_count_mixer_or_exit_ratio;action_count_split_ratio;action_count_swap_ratio;action_count_transfer_ratio;branch_count;burstiness;fan_in;fan_out;inter_action_gap_mean;local_ego_density;log_amount_mean;motif_merge;num_distinct_bigrams;num_distinct_trigrams;path_depth;prefix_ratio;unique_counterparties;value_retention,action_count_lending_deposit_ratio;action_count_merge_ratio;active_duration_sec;inter_action_gap_std;motif_peel_like_chain;motif_rapid_token_pivot;motif_split;motif_swap_then_split;outgoing_incoming_ratio;stablecoin_pivot;token_category_diversity
new_free_dao_2022,29,18,11,0.6406420149051624,0.9126984126984126,action_count_mixer_or_exit_ratio;action_count_split_ratio;action_count_swap_ratio;action_count_transfer_ratio;branch_count;burstiness;fan_in;fan_out;inter_action_gap_mean;local_ego_density;log_amount_mean;motif_merge;motif_peel_like_chain;num_distinct_bigrams;num_distinct_trigrams;prefix_ratio;unique_counterparties;value_retention,action_count_lending_deposit_ratio;action_count_merge_ratio;active_duration_sec;inter_action_gap_std;motif_rapid_token_pivot;motif_split;motif_swap_then_split;outgoing_incoming_ratio;path_depth;stablecoin_pivot;token_category_diversity
paraluni_2022,29,16,13,0.6438612179283943,0.5758596871878122,action_count_lending_deposit_ratio;action_count_mixer_or_exit_ratio;action_count_split_ratio;branch_count;burstiness;fan_in;fan_out;inter_action_gap_mean;local_ego_density;log_amount_mean;motif_merge;num_distinct_bigrams;num_distinct_trigrams;path_depth;prefix_ratio;unique_counterparties,action_count_merge_ratio;action_count_swap_ratio;action_count_transfer_ratio;active_duration_sec;inter_action_gap_std;motif_peel_like_chain;motif_rapid_token_pivot;motif_split;motif_swap_then_split;outgoing_incoming_ratio;stablecoin_pivot;token_category_diversity;value_retention
qbridge_qubit_2022,28,21,7,0.6641571966585675,0.8273809523809524,action_count_mixer_or_exit_ratio;action_count_split_ratio;action_count_swap_ratio;action_count_transfer_ratio;active_duration_sec;branch_count;burstiness;fan_in;fan_out;inter_action_gap_mean;inter_action_gap_std;local_ego_density;log_amount_mean;motif_merge;num_distinct_bigrams;num_distinct_trigrams;path_depth;prefix_ratio;token_category_diversity;unique_counterparties;value_retention,action_count_merge_ratio;motif_peel_like_chain;motif_rapid_token_pivot;motif_split;motif_swap_then_split;outgoing_incoming_ratio;stablecoin_pivot
radiant_capital_arbitrum_2024,29,20,9,0.6213283287046609,0.9861111111111112,action_count_mixer_or_exit_ratio;action_count_split_ratio;action_count_swap_ratio;active_duration_sec;branch_count;burstiness;fan_in;fan_out;inter_action_gap_mean;local_ego_density;log_amount_mean;motif_merge;motif_peel_like_chain;num_distinct_bigrams;num_distinct_trigrams;path_depth;prefix_ratio;token_category_diversity;unique_counterparties;value_retention,action_count_lending_deposit_ratio;action_count_merge_ratio;action_count_transfer_ratio;inter_action_gap_std;motif_rapid_token_pivot;motif_split;motif_swap_then_split;outgoing_incoming_ratio;stablecoin_pivot
ronin_bridge_2022,29,21,8,0.8238789937895257,0.526665521978022,action_count_lending_deposit_ratio;action_count_mixer_or_exit_ratio;action_count_split_ratio;action_count_swap_ratio;action_count_transfer_ratio;branch_count;burstiness;fan_in;fan_out;inter_action_gap_mean;inter_action_gap_std;log_amount_mean;motif_merge;motif_rapid_token_pivot;num_distinct_bigrams;num_distinct_trigrams;path_depth;prefix_ratio;token_category_diversity;unique_counterparties;value_retention,action_count_merge_ratio;active_duration_sec;local_ego_density;motif_peel_like_chain;motif_split;motif_swap_then_split;outgoing_incoming_ratio;stablecoin_pivot
utopiasphere_2024,29,21,8,0.692375974606641,1.0,action_count_lending_deposit_ratio;action_count_mixer_or_exit_ratio;action_count_swap_ratio;action_count_transfer_ratio;active_duration_sec;branch_count;burstiness;fan_in;fan_out;inter_action_gap_mean;inter_action_gap_std;local_ego_density;log_amount_mean;motif_merge;motif_peel_like_chain;num_distinct_bigrams;num_distinct_trigrams;path_depth;prefix_ratio;unique_counterparties;value_retention,action_count_merge_ratio;action_count_split_ratio;motif_rapid_token_pivot;motif_split;motif_swap_then_split;outgoing_incoming_ratio;stablecoin_pivot;token_category_diversity
wault_finance_2021,29,17,12,0.6316402773300273,0.9305555555555556,action_count_mixer_or_exit_ratio;action_count_swap_ratio;branch_count;burstiness;fan_in;fan_out;inter_action_gap_mean;local_ego_density;log_amount_mean;motif_merge;num_distinct_bigrams;num_distinct_trigrams;path_depth;prefix_ratio;stablecoin_pivot;unique_counterparties;value_retention,action_count_lending_deposit_ratio;action_count_merge_ratio;action_count_split_ratio;action_count_transfer_ratio;active_duration_sec;inter_action_gap_std;motif_peel_like_chain;motif_rapid_token_pivot;motif_split;motif_swap_then_split;outgoing_incoming_ratio;token_category_diversity
wooppv2_2024,29,17,12,0.6481748682746674,0.8322916666666667,action_count_mixer_or_exit_ratio;action_count_split_ratio;action_count_transfer_ratio;active_duration_sec;branch_count;burstiness;fan_in;fan_out;inter_action_gap_mean;log_amount_mean;num_distinct_bigrams;num_distinct_trigrams;path_depth;prefix_ratio;token_category_diversity;unique_counterparties;value_retention,action_count_lending_deposit_ratio;action_count_merge_ratio;action_count_swap_ratio;inter_action_gap_std;local_ego_density;motif_merge;motif_peel_like_chain;motif_rapid_token_pivot;motif_split;motif_swap_then_split;outgoing_incoming_ratio;stablecoin_pivot
xkingdom_2024,29,19,10,0.6150330056752075,1.0,action_count_mixer_or_exit_ratio;action_count_split_ratio;action_count_swap_ratio;action_count_transfer_ratio;active_duration_sec;branch_count;burstiness;fan_in;fan_out;inter_action_gap_mean;log_amount_mean;motif_merge;num_distinct_bigrams;num_distinct_trigrams;path_depth;prefix_ratio;stablecoin_pivot;unique_counterparties;value_retention,action_count_lending_deposit_ratio;action_count_merge_ratio;inter_action_gap_std;local_ego_density;motif_peel_like_chain;motif_rapid_token_pivot;motif_split;motif_swap_then_split;outgoing_incoming_ratio;token_category_diversity
