model,target_fpr,held_out_group,n_val_rows,n_val_positive,n_val_negative,threshold_chosen_on_inner_train_oof,pr_auc,recall_at_fpr_0.01,macro_f1,false_alerts_per_1000,recall_at_fpr_0.05,recall_at_fpr_0.1
M1,0.01,bsc_token_hub_2022,181,8,173,0.9657059907913208,1.0,1.0,0.9652257444764649,0.0,,
M1,0.01,chibi_finance_2023,70,8,62,0.9364420175552368,1.0,1.0,0.8728043609933374,0.0,,
M1,0.01,deltaprime_arbitrum_2024,168,8,160,0.945274293422699,0.8618035190615836,0.75,0.9254658385093167,0.0,,
M1,0.01,feg_bridge_2024,50,5,45,0.9472582340240479,0.8303030303030303,0.8,0.47368421052631576,0.0,,
M1,0.01,hackerdao_2022,123,8,115,0.9531901478767395,0.5053179824561403,0.25,0.4810126582278481,8.130081300813009,,
M1,0.01,magic_abracadabra_arbitrum_2025,105,8,97,0.9338440299034119,0.9502840909090909,0.75,0.8232323232323232,0.0,,
M1,0.01,new_free_dao_2022,93,7,86,0.9699212312698364,1.0,1.0,0.6081460674157304,0.0,,
M1,0.01,paraluni_2022,161,8,153,0.9532957673072815,0.5894277203790993,0.5,0.775974025974026,12.422360248447204,,
M1,0.01,qbridge_qubit_2022,228,8,220,0.9463376998901367,0.8943452380952381,0.75,0.8288288288288288,0.0,,
M1,0.01,radiant_capital_arbitrum_2024,107,8,99,0.9442534446716309,1.0,1.0,1.0,0.0,,
M1,0.01,ronin_bridge_2022,132,8,124,0.8866761326789856,0.6792857142857143,0.25,0.6991452991452991,113.63636363636363,,
M1,0.01,utopiasphere_2024,73,8,65,0.9029093980789185,1.0,1.0,0.6779411764705883,0.0,,
M1,0.01,wault_finance_2021,164,8,156,0.9531709551811218,0.928409090909091,0.75,0.9253867151956323,0.0,,
M1,0.01,wooppv2_2024,61,8,53,0.9891235828399658,0.8581043956043957,0.625,0.4649122807017544,0.0,,
M1,0.01,xkingdom_2024,69,8,61,0.9520226120948792,1.0,1.0,0.9205069124423964,0.0,,
M1,0.05,bsc_token_hub_2022,181,8,173,0.487697571516037,1.0,,1.0,0.0,1.0,
M1,0.05,chibi_finance_2023,70,8,62,0.39663299918174744,1.0,,1.0,0.0,1.0,
M1,0.05,deltaprime_arbitrum_2024,168,8,160,0.2227286398410797,0.8618035190615836,,0.7071895424836601,89.28571428571429,0.875,
M1,0.05,feg_bridge_2024,50,5,45,0.0717015266418457,0.8303030303030303,,0.1143317230273752,880.0,0.8,
M1,0.05,hackerdao_2022,123,8,115,0.09380554407835007,0.5053179824561403,,0.7823008849557522,48.78048780487805,0.75,
M1,0.05,magic_abracadabra_arbitrum_2025,105,8,97,0.29179251194000244,0.9502840909090909,,0.8923076923076924,9.523809523809526,1.0,
M1,0.05,new_free_dao_2022,93,7,86,0.08187934011220932,1.0,,0.8534509927513394,53.763440860215056,1.0,
M1,0.05,paraluni_2022,161,8,153,0.39511436223983765,0.5894277203790993,,0.6923745006079556,43.47826086956522,0.5,
M1,0.05,qbridge_qubit_2022,228,8,220,0.2998274266719818,0.8943452380952381,,0.8567239212400503,26.31578947368421,1.0,
M1,0.05,radiant_capital_arbitrum_2024,107,8,99,0.2497701346874237,1.0,,0.9680501642281278,9.345794392523365,1.0,
M1,0.05,ronin_bridge_2022,132,8,124,0.2865936756134033,0.6792857142857143,,0.6893257649176242,121.21212121212122,0.75,
M1,0.05,utopiasphere_2024,73,8,65,0.3208073377609253,1.0,,0.818407960199005,0.0,1.0,
M1,0.05,wault_finance_2021,164,8,156,0.5084567070007324,0.928409090909091,,0.9253867151956323,0.0,1.0,
M1,0.05,wooppv2_2024,61,8,53,0.48637697100639343,0.8581043956043957,,0.4649122807017544,0.0,0.75,
M1,0.05,xkingdom_2024,69,8,61,0.27011972665786743,1.0,,1.0,0.0,1.0,
M1,0.1,bsc_token_hub_2022,181,8,173,0.04233128949999809,1.0,,0.9415374677002584,11.049723756906078,,1.0
M1,0.1,chibi_finance_2023,70,8,62,0.0234640184789896,1.0,,1.0,0.0,,1.0
M1,0.1,deltaprime_arbitrum_2024,168,8,160,0.019895078614354134,0.8618035190615836,,0.6577777777777778,125.0,,0.875
M1,0.1,feg_bridge_2024,50,5,45,0.008772050030529499,0.8303030303030303,,0.09090909090909091,900.0,,0.8
M1,0.1,hackerdao_2022,123,8,115,0.012914386577904224,0.5053179824561403,,0.6095238095238095,178.8617886178862,,0.75
M1,0.1,magic_abracadabra_arbitrum_2025,105,8,97,0.025150645524263382,0.9502840909090909,,0.8894736842105264,38.0952380952381,,1.0
M1,0.1,new_free_dao_2022,93,7,86,0.010455983690917492,1.0,,0.7056962025316456,150.53763440860214,,1.0
M1,0.1,paraluni_2022,161,8,153,0.028275851160287857,0.5894277203790993,,0.6479591836734694,93.16770186335403,,0.625
M1,0.1,qbridge_qubit_2022,228,8,220,0.03639170527458191,0.8943452380952381,,0.76063958652992,57.017543859649116,,1.0
M1,0.1,radiant_capital_arbitrum_2024,107,8,99,0.03365464136004448,1.0,,0.8679990130767332,46.72897196261682,,1.0
M1,0.1,ronin_bridge_2022,132,8,124,0.02021593041718006,0.6792857142857143,,0.6799568965517242,128.78787878787878,,0.875
M1,0.1,utopiasphere_2024,73,8,65,0.031890563666820526,1.0,,0.9628498727735368,0.0,,1.0
M1,0.1,wault_finance_2021,164,8,156,0.032221902161836624,0.928409090909091,,0.8728090584768109,30.48780487804878,,1.0
M1,0.1,wooppv2_2024,61,8,53,0.011970535852015018,0.8581043956043957,,0.6732142857142858,0.0,,0.875
M1,0.1,xkingdom_2024,69,8,61,0.025144776329398155,1.0,,1.0,0.0,,1.0
B3,0.01,bsc_token_hub_2022,181,8,173,0.75974335982844,0.9416666666666667,0.875,0.9256978653530377,0.0,,
B3,0.01,chibi_finance_2023,70,8,62,0.694841381001486,1.0,1.0,0.8728043609933374,0.0,,
B3,0.01,deltaprime_arbitrum_2024,168,8,160,0.7751072834805516,0.9041666666666667,0.75,0.9254658385093167,0.0,,
B3,0.01,feg_bridge_2024,50,5,45,0.708428885897645,0.9666666666666666,0.8,0.47368421052631576,0.0,,
B3,0.01,hackerdao_2022,123,8,115,0.7431450102581789,0.6040851449275362,0.375,0.7620889748549322,0.0,,
B3,0.01,magic_abracadabra_arbitrum_2025,105,8,97,0.7350131853909231,0.8854166666666667,0.75,0.760164458656921,0.0,,
B3,0.01,new_free_dao_2022,93,7,86,0.7115720287589121,0.42629769299023956,0.14285714285714285,0.48044692737430167,0.0,,
B3,0.01,paraluni_2022,161,8,153,0.7864344380660928,0.5464806695625111,0.5,0.8268817204301075,0.0,,
B3,0.01,qbridge_qubit_2022,228,8,220,0.737024921052413,0.8533549783549783,0.75,0.8526179702650292,4.385964912280701,,
B3,0.01,radiant_capital_arbitrum_2024,107,8,99,0.7387705375463065,0.9861111111111112,0.875,0.9235714285714285,0.0,,
B3,0.01,ronin_bridge_2022,132,8,124,0.670756265310165,0.600875350140056,0.625,0.7203389830508475,98.48484848484848,,
B3,0.01,utopiasphere_2024,73,8,65,0.7390187605464779,1.0,1.0,0.818407960199005,0.0,,
B3,0.01,wault_finance_2021,164,8,156,0.7526958876911859,0.9305555555555556,0.75,0.8798534798534798,0.0,,
B3,0.01,wooppv2_2024,61,8,53,0.6848751312444739,0.9184409340659341,0.625,0.4649122807017544,0.0,,
B3,0.01,xkingdom_2024,69,8,61,0.736953187743377,1.0,1.0,0.9626016260162602,0.0,,
B3,0.05,bsc_token_hub_2022,181,8,173,0.4186158024040199,0.9416666666666667,,0.8064171122994652,38.67403314917127,1.0,
B3,0.05,chibi_finance_2023,70,8,62,0.3994708804748822,1.0,,1.0,0.0,1.0,
B3,0.05,deltaprime_arbitrum_2024,168,8,160,0.38588037456697355,0.9041666666666667,,0.7662337662337662,71.42857142857143,1.0,
B3,0.05,feg_bridge_2024,50,5,45,0.3602677403492736,0.9666666666666666,,0.47368421052631576,0.0,1.0,
B3,0.05,hackerdao_2022,123,8,115,0.3935475861842043,0.6040851449275362,,0.722972972972973,81.30081300813008,0.5,
B3,0.05,magic_abracadabra_arbitrum_2025,105,8,97,0.4002544558561148,0.8854166666666667,,0.8177083333333333,38.0952380952381,0.75,
B3,0.05,new_free_dao_2022,93,7,86,0.35349706161847144,0.42629769299023956,,0.6439262095370692,75.26881720430107,0.2857142857142857,
B3,0.05,paraluni_2022,161,8,153,0.4143434521215708,0.5464806695625111,,0.6688815060908084,55.900621118012424,0.5,
B3,0.05,qbridge_qubit_2022,228,8,220,0.3984053974976483,0.8533549783549783,,0.76063958652992,57.017543859649116,1.0,
B3,0.05,radiant_capital_arbitrum_2024,107,8,99,0.41897623008205653,0.9861111111111112,,0.8896907216494845,37.38317757009346,1.0,
B3,0.05,ronin_bridge_2022,132,8,124,0.3907901795995562,0.600875350140056,,0.6893257649176242,121.21212121212122,0.625,
B3,0.05,utopiasphere_2024,73,8,65,0.4227310576132278,1.0,,0.9628498727735368,0.0,1.0,
B3,0.05,wault_finance_2021,164,8,156,0.4190410390071399,0.9305555555555556,,0.8685897435897436,12.195121951219512,1.0,
B3,0.05,wooppv2_2024,61,8,53,0.3145844999297023,0.9184409340659341,,0.4649122807017544,0.0,0.875,
B3,0.05,xkingdom_2024,69,8,61,0.4,1.0,,1.0,0.0,1.0,
B3,0.1,bsc_token_hub_2022,181,8,173,0.24617514474772537,0.9416666666666667,,0.7677502138579984,66.29834254143645,,1.0
B3,0.1,chibi_finance_2023,70,8,62,0.2249020745209456,1.0,,1.0,0.0,,1.0
B3,0.1,deltaprime_arbitrum_2024,168,8,160,0.2234535024238133,0.9041666666666667,,0.681099159360029,125.0,,1.0
B3,0.1,feg_bridge_2024,50,5,45,0.1769160686009141,0.9666666666666666,,0.6453900709219859,0.0,,1.0
B3,0.1,hackerdao_2022,123,8,115,0.22451437823603485,0.6040851449275362,,0.6835477318889641,154.47154471544715,,0.75
B3,0.1,magic_abracadabra_arbitrum_2025,105,8,97,0.22162081146034388,0.8854166666666667,,0.8118279569892473,76.1904761904762,,1.0
B3,0.1,new_free_dao_2022,93,7,86,0.2100462261474056,0.42629769299023956,,0.6216094032549728,172.0430107526882,,0.42857142857142855
B3,0.1,paraluni_2022,161,8,153,0.20569552339460237,0.5464806695625111,,0.5103406326034063,223.6024844720497,,0.5
B3,0.1,qbridge_qubit_2022,228,8,220,0.24352220773868816,0.8533549783549783,,0.6911565503450945,92.10526315789473,,1.0
B3,0.1,radiant_capital_arbitrum_2024,107,8,99,0.2364979189752378,0.9861111111111112,,0.7407269338303821,121.49532710280374,,1.0
B3,0.1,ronin_bridge_2022,132,8,124,0.22012569848633273,0.600875350140056,,0.6961636828644502,136.36363636363635,,0.875
B3,0.1,utopiasphere_2024,73,8,65,0.23804698493834553,1.0,,1.0,0.0,,1.0
B3,0.1,wault_finance_2021,164,8,156,0.24952135208132617,0.9305555555555556,,0.8935064935064936,24.390243902439025,,1.0
B3,0.1,wooppv2_2024,61,8,53,0.15298979572389404,0.9184409340659341,,0.7502047502047502,0.0,,1.0
B3,0.1,xkingdom_2024,69,8,61,0.22802535161400894,1.0,,1.0,0.0,,1.0
