model,seed,pooled_pr_auc,ci_low_95,ci_high_95
M1,42,0.6623886984073765,0.5264000646940551,0.8772492303417929
M1,1,0.6623886984073765,0.5264000646940551,0.8772492303417929
M1,7,0.6623886984073765,0.5264000646940551,0.8772492303417929
M1,123,0.6623886984073765,0.5264000646940551,0.8772492303417929
M1,2026,0.6623886984073765,0.5264000646940551,0.8772492303417929
B3,42,0.6874859194543349,0.5663654486473856,0.8589795795939076
B3,1,0.6713906832303235,0.5511671114807223,0.8497255022774333
B3,7,0.7031140952763968,0.5889647443995014,0.8581318647762766
B3,123,0.6944350719597999,0.5732010659004864,0.8613803800629751
B3,2026,0.6789630298015347,0.5662987207646621,0.8470950169820664
