held_out_group,n_val_rows,threshold,pr_auc
bsc_token_hub_2022,181,0.9487420320510864,0.9861111111111112
chibi_finance_2023,70,0.8951433897018433,1.0
deltaprime_arbitrum_2024,168,0.9739298820495605,0.8645833333333334
feg_bridge_2024,50,0.9434527158737183,0.43264069264069266
hackerdao_2022,123,0.9325729012489319,0.7627678571428571
magic_abracadabra_arbitrum_2025,105,0.9208078980445862,1.0
new_free_dao_2022,93,0.9593595266342163,0.5767155067155068
paraluni_2022,161,0.963778018951416,0.6072201816416403
qbridge_qubit_2022,228,0.9317034482955933,0.8729166666666667
radiant_capital_arbitrum_2024,107,0.930414080619812,1.0
ronin_bridge_2022,132,0.8228867650032043,0.7437728937728938
utopiasphere_2024,73,0.9337034225463867,1.0
wault_finance_2021,164,0.9485325813293457,0.8839743589743589
wooppv2_2024,61,0.9589983820915222,0.9068813131313131
xkingdom_2024,69,0.9186014533042908,1.0
